zone_id,zone_name
7, שחר
10, תירוש
11, ניר ח''ן
13, חצבה
16, בית ניר
18, שדה משה
21, באר אורה
22, מקווה ישראל
23, אמציה
24, לכיש
26, ראש פינה
27, שדות מיכה
28, מזכרת בתיה
29, יסוד המעלה
31, אופקים
32, עוצם
33, בת שלמה
35, גדות
37, איתן
39, גפן
41, אליכין
43, מטולה
44, זוהר
46, יבנאל
48, מנחמיה
52, לוזית
53, עתלית
57, כינרת קבוצה
59, נחושה
62, דגניה א'
63, כינרת מושבה
64, יד רמב''ם
65, מגדל
67, אור הנר
69, ניר עוז
70, אשדוד
71, אשבול
73, מטה בנימין
74, מגילות ים המלח
75, ערבות הירדן
76, גוש עציון
77, איילת השחר
78, קרית ענבים
79, דגניה ב'
80, נהלל
85, כפר יחזקאל
86, גבע
90, חפצי בה
95, בית אלפא
97, מרחביה מושב
98, כפר מל''ל
99, מצפה רמון
112, כפר חסידים א'
113, אדירים
115, חופית
122, רמת ישי
126, שריד
127, רמת רחל
128, גת רימון
132, כפר ברוך
133, גבת
134, יפעת
140, כפר יהושע
141, ברק
142, שדה יעקב
143, בית זרע
145, גדיש
146, דבורה
147, גבעת ברנר
154, תל מונד
155, באר טוביה
157, עין ורד
158, נען
159, בית חנן
160, חולדה
162, חרות
164, מלאה
166, גן יבנה
167, עין החורש
168, כפר יונה
170, כפר יעבץ
171, פרדסיה
173, גבעת חיים מאוחד
174, נטעים
175, אביחיל
177, כפר ביל''ו
178, רמת יוחנן
182, אבן יהודה
184, רמת הכובש
187, כפר הס
188, אשדות יעקב מאוחד
189, כפר פינס
190, כפר ויתקין
191, הדר עם
192, כפר החורש
193, כפר חיים
195, קדימה צורן
197, מעברות
198, צופית
199, אשדות יעקב איחוד
205, חגלה
207, גבעת ח''ן
208, מוצא עילית
219, חיבת ציון
220, כפר ביאליק
223, עין עירון
224, שושנת העמקים
229, גני תקווה
230, מעש
233, כפר ידידיה
234, ביצרון
235, חבצלת השרון
239, גן חיים
240, יקנעם עילית
241, יקנעם
246, נתיבות
249, כפר סירקין
253, חולתה
255, כפר חיטים
257, נופך
262, גינוסר
263, מסדה
265, בית יוסף
267, כפר שמריהו
268, טירת צבי
269, מולדת
270, עין השופט
272, מעוז חיים
274, כפר מנחם
276, צור משה
280, חניתה
281, פקיעין חדשה
282, שבי ציון
284, שדה ורבורג
285, אלונים
286, מעלה החמישה
287, תל יצחק
288, בית יהושע
290, מעיין צבי
292, שרונה
293, שדה יואב
294, אילון
295, כפר רופין
296, נווה איתן
297, כפר מסריק
300, דליה
301, בית עוזיאל
302, דפנה
303, דן
304, שדה אליהו
305, גשר
306, שדמות דבורה
307, הזורעים
308, מחניים
309, נהורה
310, כפר גליקסון
311, גן שורק
312, נווה ים
313, אפק
315, נגבה
316, כפר נטר
317, בית אורן
318, עמיעוז
319, עמיר
320, כפר ורבורג
322, בית הלל
324, שאר ישוב
325, מצובה
326, בית יצחק שער חפר
327, שדות ים
328, עזוז
329, שדה נחמיה
330, אלומות
331, ניר צבי
334, קבוצת יבנה
335, רמת השופט
336, דורות
339, רמת צבי
340, גת
342, גברעם
343, חמדיה
344, מענית
345, כפר סאלד
347, מנרה
348, ניר עם
351, ניצן
352, גבולות
354, רביבים
355, חורשים
356, הגושרים
357, כפר בלום
358, יד מרדכי
359, ניצנים
360, גבעת ניל''י
362, רוחמה
366, שמיר
367, עין העמק
368, ביריה
369, גלעד
370, גזר
372, רמות נפתלי
373, בית הלוי
374, חוקוק
375, מגל
377, המעפיל
378, משגב עם
379, גאולים
380, להבות הבשן
382, מכמורת
383, עין הנצי''ב
385, עמיעד
387, כפר מונש
388, כפר קיש
389, בצרה
392, קדמה
393, גלאון
395, משמר הנגב
396, נבטים
397, חצרים
398, שרשרת
399, בארי
400, אבן שמואל
402, ניר יצחק
403, אורים
405, נווה אילן
406, חצור אשדוד
407, דברת
408, נאות מרדכי
409, יחיעם
413, צאלים
414, קלחים
415, שוקדה
416, מעיין ברוך
418, בני ציון
421, משאבי שדה
422, חרב לאת
423, העוגן
424, גבים
425, משמרת
426, עין כרמל
427, כפר גלים
428, ברור חיל
429, אלוני אבא
430, בית לחם הגלילית
431, דלתון
432, שמרת
433, נחשולים
434, החותרים
435, נצר סרני
436, עין דור
437, רשפים
439, שלוחות
440, יסודות
442, גדעונה
443, כפר הנשיא
444, רגבים
445, רמות מנשה
446, אודים
447, נורדיה
449, נחלים
450, בארות יצחק
453, יפתח
456, שורש
457, גזית
460, רמת רזיאל
462, טל שחר
463, געתון
465, צובה
466, בית דגן
469, קרית עקרון
472, אבו גוש
473, אבו סנאן
475, דחי
478, אכסאל
480, בית ג'ן
481, מגאר
482, בועיינה נוג'יידאת
483, ביענה
485, ג'וליס
487, ג'יש
489, דבוריה
490, דייר אל אסד
492, דייר חנא
494, דאלית אל כרמל
496, חורפיש
497, א טייבה
498, טורעאן
499, יפיע
502, ירכא
504, כאבול
505, כאוכב אבו אל היגא
507, כפר יאסיף
508, כפר כמא
509, כפר כנא
510, כפר מנדא
511, עילוט
512, כפר מיסר
514, עין ראפה
516, מג'ד אל כרום
517, מזרעה
518, מעיליא
520, משהד
521, עין נקובא
522, נחף
523, נין
524, נאעורה
525, סאג'ור
526, סולם שונם
527, שזור
528, עוזייר
529, אעבלין
530, עיילבון
531, עראבה
532, עין מאהל
534, עספיא
535, פסוטה
536, פקיעין
537, פוריידיס
538, שעב
539, רומאנה
540, ריחאנייה
541, ג'סר א זרקא
542, ריינה
543, ראמה
547, טמרה יזרעאל
553, ניר בנים
555, שדמה
559, בוסתן הגליל
562, בית אלעזרי
563, משמר דוד
564, רבדים
565, אזור
567, צרעה
570, מעונה
571, בית גמליאל
572, בית העמק
573, מבקיעים
574, גשר הזיו
576, כברי
577, יד בנימין
578, סאסא
579, כפר ראש הנקרה
580, כרם מהר''ל
584, זיקים
585, לביא
586, מגידו
587, סביון
588, בני ראם
590, נווה אור
591, עשרת
592, בני דרום
593, ערוגות
594, צפריה
595, לוחמי הגיטאות
596, מלכיה
597, פלמחים
602, נירים
603, אלקוש
604, בית עריף
605, כפר שמאי
606, מזור
607, מירון
610, סתריה
612, צרופה
613, ציפורי
614, שומרה
615, קדרון
616, רינתיה
617, ברקאי
618, חדיד
619, בית גוברין
620, משואות יצחק
622, עין צורים
623, יראון
627, ג'לג'וליה
628, ג'ת
633, כפר ברא
634, כפר קאסם
635, מוקייבלה
636, צנדלה
637, ערערה
638, קלנסווה
648, מצר
649, מייסר
652, אבטין
654, כפר קרע
658, שייח' דנון
661, שער אפרים
663, טירת יהודה
664, כרם בן זמרה
665, תקומה
666, עומר
667, ברעם
668, מפלסים
670, משמר איילון
673, כפר טרומן
674, לימן
675, הבונים
676, עין השלושה
677, הסוללים
679, אביאל
680, אומץ
681, גבעת שמואל
682, אליקים
683, גבע כרמל
684, היוגב
685, בניה
687, עין איילה
688, עלמה
689, מגדים
692, שפיר
693, נתיב הל''ה
694, מעגן מיכאל
695, מגן
696, כפר חב''ד
697, בארותיים
698, בורגתה
701, ארבל
703, גבעת עוז
705, נחשונים
706, גיאה
707, כפר דניאל
708, עמקה
709, תפרח
710, בית זית
711, עזריה
712, בן עמי
713, רעים
714, ארז
715, להבות חביבה
716, אייל
717, חגור
718, ירחיב
719, תל קציר
720, ניר גלים
722, מגשימים
723, בית הגדי
730, אליפלט
732, משמר הירדן
734, גן יאשיה
735, רמות מאיר
736, גילת
737, עולש
738, דור
739, שדה עוזיהו
740, אשתאול
742, מסילת ציון
743, כפר שמואל
744, תלמי יפה
745, גמזו
747, בית שיקמה
748, מסלול
749, פטיש
750, פדויים
751, בית מאיר
753, ינוב
755, גורן
756, בית עזרא
757, מצליח
758, יד חנה
759, יציץ
760, בן זכאי
761, שובה
762, בטחה
763, שתולים
764, כפר מרדכי
766, קוממיות
767, פורת
768, כרמיה
771, מבוא ביתר
772, אמונים
773, עמיקם
774, צוריאל
775, יד נתן
776, מחסיה
779, עמינדב
780, אורה
783, אבן ספיר
784, בית נחמיה
785, אחיהוד
786, כפר זיתים
787, גבעת יערים
788, זיתן
789, רנן
791, משען
792, נתיב השיירה
793, גבעתי
794, עגור
795, יערה
797, אחיעזר
798, יגל
799, זכריה
800, בית חנניה
801, חמד
802, גבעת כ''ח
803, יושיביה
804, אחיסמך
805, ישעי
806, עין יהב
807, חניאל
808, ניר אליהו
809, נחם
810, עופר
811, יכיני
812, שלומי
813, עין יעקב
814, תלמים
815, זבדיאל
816, זנוח
817, עזריקם
818, זרחיה
819, אביגדור
820, חלץ
822, מטע
823, בר גיורא
824, כוכב מיכאל
825, נס הרים
827, נווה מבטח
828, ישרש
829, מבטחים
831, ירוחם
836, גנות
837, עזריאל
838, פדיה
839, פתחיה
840, כיסופים
841, אלישמע
843, מרגליות
844, נחל עוז
845, כפר עזה
849, דבירה
850, אחיטוב
851, ניצני עוז
852, גונן
854, רחוב
856, שעלבים
858, נווה ירק
859, כסלון
861, שדה אליעזר
862, גני יוחנן
864, בקוע
865, שיבולים
866, יטבתה
871, עינת
873, שלווה
874, מגדל העמק
877, בית חרות
880, עין שריד
885, שדה בוקר
886, איתנים
888, כפר הרי''ף
889, כפר חסידים ב'
892, עבדון
913, שבלי
916, ישע
917, עצמון שגב
919, גבעת ישעיהו
922, רכסים
942, סואעד חמרייה
944, בסמת טבעון
961, אבו רוקייק
962, טובא זנגריה
975, זרזיר
978, כעביה טבאש חג'אג'רה
986, כפר ח'וואלד
989, כמאנה מזרח
990, ראס עלי
993, חמאם
994, מנשית זבדה
997, רומת היב
998, ביר אל מכסור
1015, מבשרת ציון
1020, אור עקיבא
1024, חרוצים
1031, שדרות
1034, קרית מלאכי
1045, שתולה
1046, אוהד
1047, חזון
1050, בית חשמונאי
1051, תלמי אליהו
1052, קטורה
1054, תל שבע
1056, עין כרם בי''ס חקלאי
1057, נווה זוהר
1058, שדה ניצן
1059, כסיפה
1060, לקיה
1061, נוף הגליל
1063, מעלות תרשיחא
1064, אמירים
1065, זמרת
1066, בני עי''ש
1067, דוב''ב
1068, אדמית
1069, רם און
1070, אביעזר
1071, נווה מיכאל
1076, בית ברל
1077, גבעת שפירא
1079, צפרירים
1080, מבועים
1081, אבן מנחם
1082, מעגלים
1083, תושיה
1085, כרם שלום
1098, מרכז שפירא
1102, צוקי ים
1103, גני הדר
1104, פוריה כפר עבודה
1105, פוריה נווה עובד
1112, יודפת
1113, צור הדסה
1114, שריגים
1115, אביבים
1117, יעל
1123, אדרת
1124, נאות הכיכר
1125, אלמגור
1126, אילות
1127, מעלה גלבוע
1128, מי עמי
1129, גרופית
1130, זרעית
1132, שניר
1133, ורדון
1136, צוחר
1137, קרית יערים
1138, יעד
1139, כרמיאל
1140, מדרשת בן גוריון
1143, נס עמים
1144, ידידה
1145, אלומה
1146, עלומים
1147, נטועה
1149, עזר
1150, צופר
1151, פארן
1152, אשלים
1154, מלכישוע
1155, מגן שאול
1156, סמר
1158, יהל
1160, שכניה
1161, רהט
1162, בית רימון
1163, מורן
1165, שילת
1167, קיסריה
1171, לוטם
1172, תובל
1173, לפידות
1174, מנוף
1177, טללים
1179, קורנית
1180, צביה
1181, טל אל
1182, אלון הגליל
1183, כליל
1184, מתת
1185, פלך
1190, מצפה נטופה
1191, בר יוחאי
1192, ערערה בנגב
1195, ניצנה כפר נוער
1197, נאות סמדר
1198, כרמים
1199, עדי
1200, מודיעין מכבים רעות
1201, כמון
1202, מכמנים
1203, הררית
1204, גילון
1205, מנות
1206, גיתה
1207, לבון
1208, הילה
1209, חרשים
1210, כחל
1211, קדרים
1214, טפחות
1219, גורנות הגליל
1220, אבירים
1221, צורית
1222, מצפה אבי''ב
1223, שדי אברהם
1224, כוכב יאיר
1225, רביד
1226, יובלים
1227, יתד
1228, רקפת
1229, כלנית
1230, לבנים
1231, פרי גן
1232, יבול
1233, שקף
1235, שורשים
1236, נירית
1237, תלמי יוסף
1238, סופה
1239, חולית
1240, עין הבשור
1241, דקל
1242, נתיב העשרה
1243, קציר
1245, סלמה
1246, עראמשה
1247, חריש
1248, אליפז
1249, הרדוף
1251, עין תמר
1252, כורזים
1253, אמנון
1254, נטף
1255, לוטן
1256, אשרת
1257, חנתון
1258, מסד
1259, נווה שלום
1260, כפר רתמים
1261, הר עמשא
1263, כפר ורדים
1264, כרמי יוסף
1265, שומריה
1266, שחרות
1268, מיתר
1271, להבים
1272, חלוץ
1274, גן נר
1275, אבטליון
1276, אשבל
1278, באר מילכה
1279, נווה חריף
1280, ניצני סיני
1282, מירב
1283, תל תאומים
1284, נופית
1285, כרכום
1286, שגב שלום
1287, שני ליבנה
1288, גבעת אלה
1290, זמר
1291, כמהין
1292, ג'דידה מכר
1293, גבעת אבני
1294, אור הגנוז
1295, יאנוח ג'ת
1296, כיסרא סומיע
1297, כפר חנניה
1303, חורה
1304, שוהם
1309, אלעד
1310, לפיד
1311, אבשלום
1313, פוריה עילית
1314, נווה זיו
1315, מתן
1316, אל עריאן
1317, דמיידה
1319, בת חפר
1320, עין חוד
1323, בת הדר
1326, בסמ''ה
1327, מעלה עירון
1328, סנסנה
1330, אחוזת ברק
1331, כמאנה
1333, נוף איילון
1334, ראס אל עין
1337, שמשית
1339, אל עזי
1340, מרחב עם
1344, גבעות בר
1345, צור יצחק
1346, תראבין א צאנה
1347, קסר א סיר
1348, ביר הדאג'
1349, דריג'את
1358, אבו כף אום בטין
1363, בני נצרים
1364, שלומית
1365, אליאב
1366, נווה
1368, בני דקלים
1369, נטע
1370, מצפה אילן
1376, באר גנים
1419, ניצן ב'
1701, מפעלי נחם הר טוב
1705, מרכז כ''ח
1706, מפעלים אזוריים הגליל העליון
1707, תל חי
1712, בית חולים פורייה
1714, פארק תעשיות קדמת גליל
1715, מרכז מיר''ב
1716, אזור תעשייה אלון התבור
1722, מגדל תפן
1723, מרכז אזורי מישגב
1724, תרדיון
1728, תעשיון בר לב
1729, פארק תעשייה חבל מודיעים
1742, תעשיון חצב
1745, פארק תעשיות עמק חפר
1746, קרית שדה התעופה
1747, מרכז שוהם
1748, נמל תעופה בן גוריון
1753, מפעלי כנות
1761, מפעלי צומת מלאכי
1763, תעשיות שער הנגב
1770, נאות חובב
1772, ים המלח בתי מלון
1791, מפעלי ברקן
1794, אזור תעסוקה מיתרים
1801, מטה יהודה
1809, הגליל העליון
1814, מבואות החרמון
1819, הגליל התחתון
1820, מרום הגליל
1821, עמק הירדן
1824, עמק המעיינות
1829, הגלבוע
1840, עמק יזרעאל
1841, משגב
1851, מעלה יוסף
1858, מטה אשר
1860, זבולון
1866, חוף הכרמל
1869, מנשה
1876, עמק חפר
1877, לב השרון
1882, דרום השרון
1892, חבל מודיעין
1893, עמק לוד
1896, ברנר
1901, נחל שורק
1903, גן רווה
1905, חוף השרון
1913, יואב
1922, חבל יבנה
1924, חוף אשקלון
1926, שער הנגב
1929, בני שמעון
1930, מרחבים
1933, אשכול
1935, שדות נגב
1937, פארק תעשיות עידן הנגב
1945, חבל אילות
1946, הערבה התיכונה
1949, תמר
1953, רמת הנגב
1964, גולן
2002, תנובות
2003, תלמי אלעזר
2006, כנות
2008, שדה יצחק
2009, יובל
2010, כפר בן נון
2011, ינון
2012, אורות
2014, גבעולים
2015, שדי חמד
2016, רוויה
2018, גבעת חיים איחוד
2023, להב
2024, אום אל קוטוף
2026, ירדנה
2029, מדרך עוז
2030, מנוחה
2033, בית חלקיה
2034, חצור הגלילית
2038, ברקת
2042, עין גדי
2043, בחן
2044, מלילות
2045, נחלה
2046, סגולה
2047, ניר משה
2048, ניר עקיבא
2049, שדה צבי
2050, תלמי ביל''ו
2051, רווחה
2052, אביטל
2053, פרזון
2054, מיטב
2055, מאור
2057, שדי תרומות
2059, פעמי תש''ז
2060, ברוש
2061, תדהר
2062, תאשור
2063, דישון
2064, זרועה
2100, טירת כרמל
2200, דימונה
2300, קרית טבעון
2400, אור יהודה
2500, נשר
2530, באר יעקב
2550, גדרה
2560, ערד
2600, אילת
2610, בית שמש
2620, קרית אונו
2630, קרית גת
2640, ראש העין
2650, רמת השרון
2660, יבנה
2710, אום אל פחם
2720, טירה
2730, טייבה
2800, קרית שמונה
3000, ירושלים
3488, כפר עציון
3555, נתיב הגדוד
3556, אלמוג
3557, קדומים
3558, תומר
3560, אלקנה
3561, מגדל עוז
3563, תקוע
3564, כוכב השחר
3565, רימונים
3567, סלעית
3568, ריחן
3569, מבוא דותן
3570, אריאל
3571, שבי שומרון
3572, כפר תפוח
3573, חלמיש
3574, בית אל
3575, בית חורון
3576, מצפה יריחו
3579, אלון מורה
3601, קליה
3602, ראש צורים
3603, הר גילה
3604, אלון שבות
3606, גלגל
3607, ייט''ב
3608, מעלה אפרים
3609, חמרה
3610, מצפה שלם
3611, קרית ארבע
3612, בקעות
3613, גיתית
3615, פצאל
3616, מעלה אדומים
3617, עפרה
3618, אלעזר
3619, רועי
3620, נירן
3637, מעלה שומרון
3638, כפר אדומים
3639, ורד יריחו
3640, קרני שומרון
3641, שילה
3643, חיננית
3644, גבעון החדשה
3645, בית הערבה
3646, חמדת
3647, יקיר
3649, שקד
3650, אפרת
3651, מעלה מכמש
3652, בית אריה
3653, מעלה עמוס
3654, ברקן
3655, ניל''י
3656, כרמל
3657, מעון
3658, עטרת
3659, פסגות
3660, עמנואל
3709, מבוא חורון
3710, ברכה
3712, ענב
3713, נעמי
3715, עלמון
3717, חרמש
3719, תלם
3720, שערי תקווה
3722, אשכולות
3723, פני חבר
3724, נגוהות
3725, נווה דניאל
3726, נוקדים
3727, עלי זהב
3730, גבעת זאב
3743, טנא
3744, ברוכין
3745, מצדות יהודה
3746, קרית נטפים
3747, דולב
3748, עתניאל
3749, יצהר
3750, אלפי מנשה
3751, מגדלים
3752, מעלה לבונה
3754, אספר
3756, סוסיה
3759, אדורה
3760, אורנית
3762, איתמר
3763, גבע בנימין
3764, חגי
3765, עלי
3766, כרמי צור
3767, נחליאל
3768, פדואל
3769, הר אדר
3770, חשמונאים
3778, עץ אפרים
3779, כוכב יעקב
3780, ביתר עילית
3781, קדר
3782, רותם
3784, שמעה
3785, משכיות
3786, אבנת
3787, נעלה
3788, טלמון
3790, נופים
3791, צופין
3793, אבני חפץ
3794, בת עין
3795, רבבה
3796, כפר האורנים
3797, מודיעין עילית
4000, חיפה
4001, בוקעתא
4002, אלי עד
4003, אל רום
4004, כפר חרוב
4005, חספין
4006, קשת
4007, יונתן
4008, מעלה גמלא
4009, שעל
4010, אודם
4011, אבני איתן
4012, אניעם
4013, אורטל
4014, נטור
4015, בני יהודה
4017, אלוני הבשן
4019, מיצר
4021, גבעת יואב
4022, גשור
4024, קלע
4025, קדמת צבי
4026, חד נס
4028, כנף
4100, קצרין
4101, מרום גולן
4201, מג'דל שמס
4203, מסעדה
4204, מבוא חמה
4301, אפיק
4303, נווה אטי''ב
4304, נוב
4501, ע'ג'ר
4502, עין קנייא
4503, עין זיוון
4551, נאות גולן
4701, רמת מגשימים
4702, רמות
5000, תל אביב יפו
5410, נצר חזני
5424, גני טל
6000, באקה אל ע'רביה
6100, בני ברק
6200, בת ים
6268, נווה מדבר
6300, גבעתיים
6400, הרצליה
6500, חדרה
6600, חולון
6700, טבריה
6800, קרית אתא
6900, כפר סבא
7000, לוד
7100, אשקלון
7200, נס ציונה
7300, נצרת
7400, נתניה
7500, סח'נין
7600, עכו
7700, עפולה
7778, הר חברון
7800, פרדס חנה כרכור
7900, פתח תקווה
8000, צפת
8200, קרית מוצקין
8300, ראשון לציון
8400, רחובות
8500, רמלה
8600, רמת גן
8700, רעננה
8800, שפרעם
8900, טמרה
9000, באר שבע
9020, רחלים
9100, נהריה
9200, בית שאן
9300, זכרון יעקב
9400, יהוד מונוסון
9500, קרית ביאליק
9600, קרית ים
9700, הוד השרון
9800, בנימינה גבעת עדה
9981, צריפין
9999, שומרון
10687, ראש העין
10688, ראשון לציון
10689, רמת השרון
10690, עמק חפר
10691, עמק חפר
10693, הרצליה
10694, הרצליה
10695, הגושרים
10697, מבואות החרמון
10698, מבואות החרמון
10700, שפרעם
10701, הגליל התחתון
10702, הגליל התחתון
10703, עמק יזרעאל
10704, שפרעם
10705, מגידו
10706, מגידו
10707, גדרות
10708, חבל יבנה
10710, הגליל התחתון
10711, הגליל התחתון
10713, עומר
10714, עומר
10715, רמת השרון
10716, רמת השרון
10717, ראשון לציון
10718, גדרה
10719, חבל יבנה
10720, לב השרון
10721, אבן יהודה
10722, תל מונד
10723, חוף השרון
10724, כפר סבא
10725, כפר סבא
10729, חבל יבנה
10731, מטה יהודה
10732, עתלית
10733, אור עקיבא
10734, קיסריה
10735, עמק חפר
10736, נתניה
10737, חוף השרון
10738, כפר שמריהו
10739, הרצליה
10740, הרצליה
10741, הרצליה
10742, מטה יהודה
10743, מטה יהודה
10744, חבל מודיעין
10745, בני ברק
10747, קרית מלאכי
10748, קרית מלאכי
10751, הגליל העליון
10752, הגליל העליון
10753, הגליל העליון
10754, מבואות החרמון
10755, מבואות החרמון
10756, מבואות החרמון
10760, גולן
10761, גולן
10763, הגליל העליון
10764, הגליל העליון
10765, הגליל העליון
10766, הגליל העליון
10767, שאר ישוב
10768, שאר ישוב
10769, הגליל העליון
10770, דפנה
10771, דפנה
10772, דפנה
10773, הגליל העליון
10774, הגליל העליון
10775, הגליל העליון
10776, הגליל העליון
10777, בית הלל
10778, בית הלל
10779, בית הלל
10780, בית הלל
10781, בית הלל
10782, בית הלל
10783, קרית שמונה
10784, קרית שמונה
10785, קרית שמונה
10788, מג'דל שמס
10789, גולן
10790, נווה אטי''ב
10791, נווה אטי''ב
10793, נווה אטי''ב
10794, גולן
10795, גולן
10798, גולן
10799, בית הלל
10800, בית הלל
10801, בית הלל
10803, בית הלל
10804, בית הלל
10805, בית הלל
10807, בית הלל
10808, בית הלל
10809, בית הלל
10810, גולן
10811, גולן
10812, גולן
10814, מג'דל שמס
10815, מג'דל שמס
10816, מג'דל שמס
10819, מג'דל שמס
10821, מסעדה
10822, מסעדה
10823, מסעדה
10824, מסעדה
10825, מסעדה
10826, מסעדה
10827, מסעדה
10829, גולן
10830, גולן
10831, גולן
10832, גולן
10833, גולן
10834, גולן
10835, גולן
10836, גולן
10837, גולן
10838, גולן
10839, גולן
10840, גולן
10841, גולן
10842, גולן
10843, גולן
10844, גולן
10845, גולן
10846, גולן
10847, גולן
10848, עמק הירדן
10849, מסעדה
10850, גולן
10851, גולן
10852, גולן
10853, גולן
10854, גולן
10855, גולן
10856, גולן
10857, גולן
10858, גולן
10859, גולן
10860, גולן
10861, גולן
10862, גולן
10863, עמיר
10864, הגליל העליון
10865, הגליל העליון
10866, הגליל העליון
10867, כפר בלום
10868, הגליל העליון
10869, הגליל העליון
10870, הגליל העליון
10872, גולן
10873, גולן
10874, גולן
10875, גולן
10876, גולן
10877, גולן
10878, גולן
10879, גולן
10880, גולן
10881, הגליל העליון
10882, גולן
10883, גולן
10884, גולן
10885, גולן
10886, גולן
10887, גולן
10888, גולן
10889, גולן
10890, גולן
10891, גולן
10892, גולן
10893, עמק הירדן
10894, עמק הירדן
10895, עמק הירדן
10896, עמק הירדן
10897, עמק הירדן
10898, עמק הירדן
10899, עמק הירדן
10900, עמק הירדן
10901, עמק הירדן
10902, עמק הירדן
10903, עמק הירדן
10904, עמק הירדן
10905, עמק הירדן
10906, עמק הירדן
10907, עמק הירדן
10908, עמק הירדן
10909, עמק הירדן
10910, עמק הירדן
10911, עמק הירדן
10912, הגליל העליון
10913, הגליל העליון
10914, הגליל העליון
10915, הגליל העליון
10916, הגליל העליון
10917, הגליל העליון
10919, הגליל העליון
10920, הגליל העליון
10921, גונן
10922, יסוד המעלה
10924, גולן
10925, גולן
10926, גולן
10927, גולן
10928, גולן
10929, גולן
10930, גולן
10931, גולן
10932, גולן
10933, גולן
10934, גולן
10935, גולן
10936, גולן
10937, גולן
10938, גולן
10939, גולן
10940, גולן
10941, גולן
10942, גולן
10943, גולן
10944, גולן
10945, הגליל העליון
10946, מבואות החרמון
10947, מבואות החרמון
10948, מבואות החרמון
10949, מבואות החרמון
10950, הגליל העליון
10951, הגליל העליון
10952, הגליל העליון
10953, גולן
10954, גולן
10955, גולן
10956, גולן
10957, גולן
10958, גולן
10959, קצרין
10960, גולן
10961, גולן
10962, גולן
10963, מטולה
10966, הגליל העליון
10969, קרית שמונה
10970, הגליל העליון
10972, הגליל העליון
10973, הגליל העליון
10979, הגליל העליון
10980, הגליל העליון
10983, הגליל העליון
10984, הגליל העליון
10991, הגליל העליון
10992, מבואות החרמון
10995, יסוד המעלה
10996, יסוד המעלה
10999, מבואות החרמון
11000, מבואות החרמון
11002, מבואות החרמון
11003, מבואות החרמון
11004, ראש פינה
11005, חצור הגלילית
11006, ראש פינה
11009, ראש פינה
11010, ראש פינה
11012, מבואות החרמון
11014, הגליל העליון
11015, הגליל העליון
11016, מבואות החרמון
11017, הגליל העליון
11018, הגליל העליון
11019, מבואות החרמון
11020, מבואות החרמון
11021, מבואות החרמון
11022, מבואות החרמון
11024, מבואות החרמון
11025, מבואות החרמון
11026, מבואות החרמון
11029, מרום הגליל
11030, מרום הגליל
11031, מרום הגליל
11032, מרום הגליל
11033, מרום הגליל
11034, מרום הגליל
11035, מרום הגליל
11036, מרום הגליל
11038, עמק הירדן
11040, עמק הירדן
11041, עמק הירדן
11042, עמק הירדן
11043, עמק הירדן
11044, עמק הירדן
11045, עמק הירדן
11046, עמק הירדן
11049, עמק הירדן
11050, עמק הירדן
11051, עמק הירדן
11052, מגדל
11053, מגדל
11054, מגדל
11055, מגדל
11056, מגדל
11057, מפעלים אזוריים צמח
11058, מפעלים אזוריים צמח
11059, טבריה
11060, טבריה
11061, טבריה
11064, כינרת מושבה
11066, כינרת מושבה
11068, עמק הירדן
11069, עמק הירדן
11071, עמק הירדן
11072, עמק הירדן
11074, עמק הירדן
11076, עמק הירדן
11077, עמק הירדן
11078, עמק הירדן
11079, עמק הירדן
11080, עמק הירדן
11081, עמק הירדן
11082, כינרת מושבה
11083, כינרת מושבה
11085, עמק הירדן
11086, עמק הירדן
11087, עמק הירדן
11088, עמק הירדן
11089, עמק הירדן
11090, עמק הירדן
11091, עמק הירדן
11092, עמק הירדן
11094, עמק הירדן
11095, עמק הירדן
11096, מנחמיה
11097, מנחמיה
11098, עמק המעיינות
11099, עמק המעיינות
11102, עמק המעיינות
11103, עמק המעיינות
11106, עמק המעיינות
11107, עמק המעיינות
11108, בית יוסף
11109, בית יוסף
11110, עמק המעיינות
11111, עמק המעיינות
11112, עמק המעיינות
11113, עמק המעיינות
11114, עמק המעיינות
11115, עמק המעיינות
11116, עמק המעיינות
11117, עמק המעיינות
11118, עמק המעיינות
11119, ערבות הירדן
11120, ערבות הירדן
11123, ערבות הירדן
11124, ערבות הירדן
11127, רחוב
11128, עמק המעיינות
11129, ערבות הירדן
11130, עמק המעיינות
11131, עמק המעיינות
11132, ערבות הירדן
11133, ערבות הירדן
11136, ערבות הירדן
11137, ערבות הירדן
11138, ערבות הירדן
11139, ערבות הירדן
11141, ערבות הירדן
11142, ערבות הירדן
11144, ערבות הירדן
11145, ערבות הירדן
11146, ערבות הירדן
11147, ערבות הירדן
11148, ערבות הירדן
11149, ערבות הירדן
11150, ערבות הירדן
11151, ערבות הירדן
11154, ערבות הירדן
11155, ערבות הירדן
11156, ערבות הירדן
11157, ערבות הירדן
11158, מגילות ים המלח
11159, מגילות ים המלח
11160, מגילות ים המלח
11161, מגילות ים המלח
11162, מגילות ים המלח
11163, מגילות ים המלח
11164, מגילות ים המלח
11165, מגילות ים המלח
11166, מגילות ים המלח
11167, מגילות ים המלח
11168, מגילות ים המלח
11169, מגילות ים המלח
11170, מגילות ים המלח
11171, מגילות ים המלח
11172, מגילות ים המלח
11173, מגילות ים המלח
11174, מגילות ים המלח
11175, מגילות ים המלח
11176, מגילות ים המלח
11177, מגילות ים המלח
11179, תמר
11180, תמר
11184, תמר
11185, תמר
11186, תמר
11187, תמר
11188, תמר
11189, תמר
11196, תמר
11197, תמר
11198, תמר
11199, תמר
11200, תמר
11201, תמר
11202, הערבה התיכונה
11203, הערבה התיכונה
11204, תמר
11205, הערבה התיכונה
11206, הערבה התיכונה
11207, הערבה התיכונה
11208, הערבה התיכונה
11209, הערבה התיכונה
11210, הערבה התיכונה
11211, הערבה התיכונה
11212, הערבה התיכונה
11214, הערבה התיכונה
11215, הערבה התיכונה
11216, הערבה התיכונה
11217, הערבה התיכונה
11218, הערבה התיכונה
11219, הערבה התיכונה
11220, הערבה התיכונה
11221, הערבה התיכונה
11222, הערבה התיכונה
11223, חבל אילות
11224, חבל אילות
11225, חבל אילות
11226, חבל אילות
11227, חבל אילות
11228, חבל אילות
11229, חבל אילות
11230, חבל אילות
11231, חבל אילות
11232, חבל אילות
11235, חבל אילות
11236, חבל אילות
11237, חבל אילות
11238, חבל אילות
11239, חבל אילות
11240, חבל אילות
11241, חבל אילות
11242, חבל אילות
11243, חבל אילות
11244, חבל אילות
11245, אילת
11246, אילת
11247, אילת
11248, אילת
11249, אילת
11250, חבל אילות
11251, חבל אילות
11252, חבל אילות
11254, מעלה יוסף
11255, עראמשה
11257, עראמשה
11259, מטה אשר
11260, מטה אשר
11261, מטה אשר
11262, מעלה יוסף
11263, זרעית
11264, זרעית
11266, שומרה
11267, מבואות החרמון
11268, מבואות החרמון
11269, מבואות החרמון
11270, מבואות החרמון
11271, מבואות החרמון
11272, מבואות החרמון
11273, מבואות החרמון
11274, הגליל העליון
11275, מלכיה
11276, מעלה יוסף
11277, מעלה יוסף
11278, מעלה יוסף
11279, מעלה יוסף
11280, מעלה יוסף
11281, מעלה יוסף
11282, מעלה יוסף
11283, מעלה יוסף
11284, מעלה יוסף
11285, מעלה יוסף
11286, מעלה יוסף
11287, מעלה יוסף
11288, מעלה יוסף
11289, מעלה יוסף
11290, מעלה יוסף
11291, גורן
11292, מעלה יוסף
11293, מעלה יוסף
11295, מעלה יוסף
11296, אילון
11297, אילון
11299, מעלה יוסף
11300, מעלה יוסף
11301, שלומי
11302, שלומי
11303, שלומי
11304, שלומי
11305, שלומי
11308, שלומי
11309, מטה אשר
11310, מטה אשר
11311, הגליל העליון
11312, מטה אשר
11313, מרום הגליל
11315, הגליל העליון
11318, הגליל העליון
11319, מרום הגליל
11320, מעלה יוסף
11321, מעלה יוסף
11322, מעלה יוסף
11323, מעלה יוסף
11325, מעלה יוסף
11327, פסוטה
11328, פסוטה
11329, פסוטה
11332, מטה אשר
11333, צפת
11335, ביריה
11336, מרום הגליל
11337, מרום הגליל
11338, הגליל העליון
11339, הגליל העליון
11340, מבואות החרמון
11341, מרום הגליל
11342, צפת
11344, ג'יש
11345, ג'יש
11348, ספסופה
11349, ספסופה
11350, מירון
11351, מרום הגליל
11353, מירון
11354, מרום הגליל
11355, מרום הגליל
11356, צבעון
11357, צבעון
11358, הגליל העליון
11359, הגליל העליון
11360, הגליל העליון
11361, הגליל העליון
11363, מרום הגליל
11364, חורפיש
11365, חורפיש
11366, חורפיש
11368, חורפיש
11370, חורפיש
11371, מעלה יוסף
11372, מעלה יוסף
11374, מעלה יוסף
11375, מעלה יוסף
11376, מעלה יוסף
11377, מעלות תרשיחא
11378, מעונה
11379, מעיליא
11380, מעיליא
11384, נווה זיו
11385, נהריה
11386, מטה אשר
11388, מטה אשר
11390, מטה אשר
11391, מטה אשר
11392, מטה אשר
11393, מטה אשר
11394, מטה אשר
11395, מטה אשר
11397, גולן
11398, גולן
11399, גולן
11400, גולן
11401, גולן
11402, גולן
11403, גולן
11404, גולן
11405, גולן
11406, הגליל העליון
11407, הגליל העליון
11408, מרום הגליל
11409, מרום הגליל
11410, מרום הגליל
11411, מרום הגליל
11413, מעונה
11415, מעלות תרשיחא
11416, מעלה יוסף
11417, מעלה יוסף
11418, מטה אשר
11420, מטה אשר
11421, מטה אשר
11422, מטה אשר
11423, מטה אשר
11424, גולן
11425, גולן
11426, גולן
11427, גולן
11428, גולן
11429, גולן
11430, גולן
11431, עמק הירדן
11432, עמק הירדן
11433, עמק הירדן
11434, עמק הירדן
11435, עמק הירדן
11436, עמק הירדן
11437, עמק הירדן
11438, עמק הירדן
11439, עמק הירדן
11440, גולן
11441, גולן
11442, גולן
11443, גולן
11444, גולן
11445, גולן
11446, גולן
11447, גולן
11448, ראש פינה
11449, ראש פינה
11450, מרום הגליל
11451, מרום הגליל
11454, מרום הגליל
11455, מרום הגליל
11456, מירון
11457, מרום הגליל
11458, שפר
11459, מרום הגליל
11460, מרום הגליל
11461, מרום הגליל
11462, מרום הגליל
11463, עין אל אסד
11465, פקיעין חדשה
11467, פקיעין
11468, פקיעין
11471, כיסרא סומיע
11472, כיסרא סומיע
11473, כיסרא סומיע
11474, כיסרא סומיע
11475, כיסרא סומיע
11477, כיסרא סומיע
11478, כיסרא סומיע
11479, כיסרא סומיע
11480, כיסרא סומיע
11481, כיסרא סומיע
11482, כיסרא סומיע
11483, כיסרא סומיע
11484, כיסרא סומיע
11485, כיסרא סומיע
11486, כיסרא סומיע
11489, כיסרא סומיע
11490, פקיעין
11492, פקיעין
11493, פקיעין
11498, פקיעין
11500, פקיעין
11503, פקיעין
11504, ראמה
11505, ראמה
11506, ראמה
11508, ראמה
11509, ראמה
11510, ראמה
11511, ראמה
11512, ראמה
11513, ראמה
11515, מעלה יוסף
11517, פקיעין
11518, מעלה יוסף
11519, מעלה יוסף
11521, סאג'ור
11522, מרום הגליל
11526, דייר אל אסד
11527, דייר אל אסד
11528, משגב
11529, משגב
11530, כיסרא סומיע
11531, מגדל תפן
11532, כיסרא סומיע
11533, נחף
11534, משגב
11535, משגב
11536, דייר אל אסד
11537, דייר אל אסד
11538, ביענה
11540, ירכא
11541, ירכא
11542, ירכא
11543, ירכא
11544, ירכא
11545, ירכא
11546, ירכא
11547, ירכא
11548, ירכא
11549, כפר יאסיף
11550, כפר יאסיף
11552, ג'וליס
11553, מג'ד אל כרום
11554, הגליל העליון
11556, מרום הגליל
11557, מרום הגליל
11558, עין אל אסד
11559, עין אל אסד
11560, מורן
11561, מורן
11562, ראמה
11563, ראמה
11564, מרום הגליל
11565, מרום הגליל
11569, שזור
11570, שזור
11572, כרמיאל
11574, נחף
11577, כרמיאל
11581, מג'ד אל כרום
11582, מג'ד אל כרום
11583, מג'ד אל כרום
11584, מג'ד אל כרום
11585, מג'ד אל כרום
11586, מג'ד אל כרום
11587, מטה אשר
11588, ג'דידה מכר
11589, ג'דידה מכר
11590, עמק הירדן
11591, עמק הירדן
11592, הגליל העליון
11593, הגליל העליון
11594, גולן
11595, גולן
11596, גולן
11597, גולן
11598, גולן
11599, גולן
11600, גולן
11601, גולן
11602, גולן
11603, עמק הירדן
11604, עמק הירדן
11605, מגדל
11606, מגדל
11607, מגדל
11608, מגדל
11609, מגדל
11611, מגדל
11612, מרום הגליל
11613, מרום הגליל
11614, מרום הגליל
11615, מגאר
11616, מגאר
11617, מגאר
11618, מגאר
11619, מגאר
11620, מגאר
11621, מגאר
11622, מגאר
11623, מרום הגליל
11624, מרום הגליל
11625, מרום הגליל
11626, מרום הגליל
11627, מרום הגליל
11629, מרום הגליל
11630, מגאר
11631, מגאר
11632, מגאר
11633, מגאר
11634, מגאר
11635, מגאר
11636, מגאר
11637, מגאר
11638, מגאר
11639, מגאר
11640, מגאר
11641, מגאר
11642, עיילבון
11643, עיילבון
11644, עיילבון
11645, עיילבון
11646, עיילבון
11648, עיילבון
11649, עיילבון
11651, עיילבון
11652, משגב
11653, משגב
11654, משגב
11655, עיילבון
11656, דייר חנא
11657, דייר חנא
11658, דייר חנא
11659, דייר חנא
11660, עראבה
11661, עראבה
11662, עראבה
11663, עראבה
11664, עראבה
11665, עראבה
11666, עראבה
11667, עראבה
11668, עראבה
11669, עראבה
11670, עראבה
11671, עראבה
11673, משגב
11675, משגב
11677, משגב
11678, משגב
11679, משגב
11680, משגב
11681, משגב
11682, משגב
11683, משגב
11684, מטה אשר
11685, משגב
11686, ראמה
11687, משגב
11688, משגב
11689, ראס אל עין
11692, סלמה
11693, משגב
11694, ערד
11695, ערד
11696, שני ליבנה
11697, שני ליבנה
11699, ערד
11700, ערד
11701, כסיפה
11702, כסיפה
11703, ערערה בנגב
11704, ערערה בנגב
11705, ערערה בנגב
11706, ערערה בנגב
11707, ערערה בנגב
11708, הררית
11711, אבטליון
11712, משגב
11713, משגב
11714, משגב
11715, משגב
11717, ביר אל מכסור
11718, עמק יזרעאל
11719, שפרעם
11720, שפרעם
11721, שפרעם
11722, קרית אתא
11723, שפרעם
11724, ריינה
11727, ריינה
11728, ריינה
11733, עמק יזרעאל
11734, עמק יזרעאל
11735, עמק יזרעאל
11736, עמק יזרעאל
11737, עמק יזרעאל
11738, עמק יזרעאל
11739, עמק יזרעאל
11740, מטה אשר
11741, מטה אשר
11742, גולן
11743, גולן
11744, גולן
11745, גולן
11746, גולן
11747, גולן
11748, בני יהודה
11749, גולן
11750, גולן
11751, גולן
11752, הגליל התחתון
11753, בועיינה נוג'יידאת
11754, בועיינה נוג'יידאת
11755, כרמיאל
11756, כרמיאל
11758, משגב
11759, משגב
11760, משגב
11761, משגב
11762, משגב
11765, משגב
11766, משגב
11767, משגב
11768, משגב
11769, משגב
11770, משגב
11771, משגב
11772, משגב
11773, משגב
11774, משגב
11783, כפר מנדא
11786, כפר מנדא
11787, משגב
11788, משגב
11789, טמרה
11790, משגב
11793, עמק יזרעאל
11794, עמק יזרעאל
11796, עמק יזרעאל
11797, טמרה
11798, טמרה
11799, אעבלין
11800, שפרעם
11801, שפרעם
11802, כפר ביאליק
11803, מגדל העמק
11804, הגליל התחתון
11805, זבולון
11806, זבולון
11807, זבולון
11808, זבולון
11809, הגליל התחתון
11810, טבריה
11811, הגליל התחתון
11812, הגליל התחתון
11813, הגליל התחתון
11817, הגליל התחתון
11818, הגליל התחתון
11819, הגליל התחתון
11820, טורעאן
11821, טורעאן
11822, עמק יזרעאל
11823, עמק יזרעאל
11824, טורעאן
11825, טורעאן
11826, כפר כנא
11827, משהד
11828, משהד
11829, נוף הגליל
11830, נוף הגליל
11832, עמק יזרעאל
11835, עמק יזרעאל
11836, עמק יזרעאל
11837, עמק יזרעאל
11839, עמק יזרעאל
11840, טבריה
11841, טבריה
11842, טבריה
11843, טבריה
11845, עמק הירדן
11846, עמק הירדן
11847, עמק הירדן
11848, עמק הירדן
11849, עמק הירדן
11850, עמק הירדן
11851, עמק הירדן
11852, עמק הירדן
11853, טבריה
11855, טבריה
11856, פוריה כפר עבודה
11858, יבנאל
11859, אלומות
11860, כינרת מושבה
11861, כינרת מושבה
11863, כינרת מושבה
11864, כינרת מושבה
11865, כינרת מושבה
11866, יבנאל
11867, יבנאל
11868, יבנאל
11869, יבנאל
11870, הגליל התחתון
11871, הגליל התחתון
11872, כפר כמא
11874, כפר כמא
11875, כפר כמא
11876, כפר תבור
11877, כפר תבור
11878, כפר תבור
11879, עמק יזרעאל
11880, עמק יזרעאל
11884, עמק יזרעאל
11886, עמק יזרעאל
11890, עמק יזרעאל
11891, עמק יזרעאל
11892, עמק יזרעאל
11893, עמק יזרעאל
11894, עמק יזרעאל
11896, עמק יזרעאל
11897, זרזיר
11898, זרזיר
11899, עמק יזרעאל
11900, עמק יזרעאל
11902, עמק יזרעאל
11903, זבולון
11904, שער הגולן
11905, עמק הירדן
11906, עמק הירדן
11907, מגדל העמק
11908, עמק יזרעאל
11909, כפר כנא
11910, כפר כנא
11913, כפר כנא
11914, ריינה
11915, עמק יזרעאל
11916, עמק יזרעאל
11918, מגדל העמק
11919, עמק יזרעאל
11920, עמק יזרעאל
11921, עמק יזרעאל
11922, עמק יזרעאל
11923, עמק יזרעאל
11924, עמק יזרעאל
11925, מנשית זבדה
11927, עמק יזרעאל
11928, עמק יזרעאל
11929, רמת ישי
11930, רמת ישי
11931, רמת ישי
11932, עמק יזרעאל
11933, עמק יזרעאל
11934, עמק יזרעאל
11935, עמק יזרעאל
11936, עמק יזרעאל
11937, עמק יזרעאל
11938, עמק יזרעאל
11939, קרית טבעון
11940, קרית טבעון
11941, מנשית זבדה
11942, זבולון
11943, זבולון
11944, קרית טבעון
11945, קרית טבעון
11946, עמק יזרעאל
11947, עמק יזרעאל
11948, עמק יזרעאל
11949, עמק יזרעאל
11950, עמק יזרעאל
11951, עמק יזרעאל
11952, כפר מיסר
11953, כפר תבור
11954, כפר מיסר
11956, כפר מיסר
11958, עמק יזרעאל
11959, עמק יזרעאל
11960, עמק יזרעאל
11961, עמק יזרעאל
11962, עתלית
11963, חוף הכרמל
11964, עתלית
11965, הגלבוע
11966, עמק יזרעאל
11967, הגלבוע
11968, עמק יזרעאל
11969, הגלבוע
11970, מרחביה קיבוץ
11971, מרחביה קיבוץ
11973, מרחביה קיבוץ
11974, חוף הכרמל
11975, חוף הכרמל
11976, חוף הכרמל
11977, עתלית
11978, עמק המעיינות
11979, עמק המעיינות
11981, עמק המעיינות
11982, עמק המעיינות
11983, עמק המעיינות
11984, עמק המעיינות
11985, עמק המעיינות
11986, הגלבוע
11987, הגלבוע
11988, הגלבוע
11989, הגלבוע
11990, הגלבוע
11991, הגלבוע
11992, הגלבוע
11993, הגלבוע
11994, הגלבוע
11999, עמק יזרעאל
12002, עמק המעיינות
12003, עמק המעיינות
12004, עמק המעיינות
12005, עמק המעיינות
12006, עמק המעיינות
12007, עמק המעיינות
12008, עמק המעיינות
12009, עמק המעיינות
12010, חוף הכרמל
12013, מטה אשר
12015, מטה אשר
12016, שלומי
12017, מטה אשר
12018, מטה אשר
12020, מטה אשר
12021, מטה אשר
12023, מטה אשר
12024, מטה אשר
12025, מטה אשר
12026, מטה אשר
12028, מטה אשר
12030, מטה אשר
12031, מטה אשר
12032, מטה אשר
12033, מטה אשר
12034, מטה אשר
12036, מטה אשר
12038, מטה אשר
12039, מטה אשר
12046, כפר יאסיף
12047, כפר יאסיף
12048, כפר יאסיף
12049, כפר יאסיף
12050, כפר יאסיף
12051, כפר יאסיף
12053, ג'וליס
12055, משגב
12056, משגב
12057, כפר יאסיף
12059, אבו סנאן
12060, אבו סנאן
12061, משגב
12062, משגב
12064, משגב
12068, שפרעם
12076, זבולון
12079, יקנעם עילית
12081, זכרון יעקב
12082, זכרון יעקב
12083, פוריידיס
12084, פוריידיס
12085, זכרון יעקב
12086, נחל שורק
12087, גדרות
12092, חבל יבנה
12093, חבל יבנה
12094, חבל יבנה
12095, אשדוד
12096, חבל יבנה
12097, מגידו
12098, מגידו
12099, מגידו
12100, מגידו
12101, מגידו
12102, מגידו
12104, הגלבוע
12105, הגלבוע
12106, הגלבוע
12107, הגלבוע
12108, הגלבוע
12110, הגלבוע
12111, הגלבוע
12112, מגידו
12113, הגלבוע
12114, הגלבוע
12115, חבר
12116, חבר
12117, עספיא
12118, נשר
12119, מגידו
12120, מגידו
12121, מגידו
12122, מגידו
12123, מגידו
12124, מגידו
12125, מגידו
12126, מגידו
12127, מגידו
12128, מגידו
12129, הגלבוע
12130, ניר יפה
12131, ניר יפה
12132, אומן
12133, אומן
12134, עמק המעיינות
12135, עמק המעיינות
12136, הגלבוע
12137, עמק המעיינות
12138, עמק המעיינות
12139, עמק המעיינות
12140, הגלבוע
12143, עמק המעיינות
12144, עמק המעיינות
12145, עמק המעיינות
12146, עמק המעיינות
12147, עמק המעיינות
12149, עמק המעיינות
12150, הגלבוע
12151, הגלבוע
12152, הגלבוע
12153, הגלבוע
12155, הגלבוע
12156, הגלבוע
12157, עמק המעיינות
12158, עמק המעיינות
12159, עמק המעיינות
12160, עמק המעיינות
12161, עמק המעיינות
12162, מגידו
12163, מגידו
12164, מגידו
12165, מגידו
12166, מגידו
12167, מגידו
12168, מגידו
12169, מגידו
12170, מגידו
12171, מגידו
12172, מגידו
12173, מגידו
12174, מגידו
12175, מגידו
12176, מגידו
12178, מגידו
12179, יקנעם עילית
12181, מגידו
12182, מגידו
12186, בנימינה גבעת עדה
12188, בנימינה גבעת עדה
12189, ערערה
12190, ערערה
12191, ערערה
12192, ערערה
12193, ערערה
12195, ערערה
12199, זכרון יעקב
12200, זכרון יעקב
12201, זכרון יעקב
12202, בנימינה גבעת עדה
12203, בנימינה גבעת עדה
12204, בנימינה גבעת עדה
12205, בנימינה גבעת עדה
12206, בנימינה גבעת עדה
12207, בנימינה גבעת עדה
12208, בנימינה גבעת עדה
12209, בנימינה גבעת עדה
12210, בנימינה גבעת עדה
12213, פרדס חנה כרכור
12214, קציר
12216, קציר
12218, קציר
12219, מנשה
12220, ערערה
12223, פרדס חנה כרכור
12224, פרדס חנה כרכור
12227, פרדס חנה כרכור
12229, פרדס חנה כרכור
12230, חדרה
12231, מרום הגליל
12232, מרום הגליל
12234, קדרים
12235, הגליל התחתון
12236, הגליל התחתון
12238, הגליל התחתון
12239, הגליל התחתון
12243, הגליל התחתון
12244, הגליל התחתון
12245, הגליל התחתון
12246, הגליל התחתון
12247, הגליל התחתון
12248, הגליל התחתון
12249, הגליל התחתון
12250, הגליל התחתון
12251, הגליל התחתון
12252, כפר כמא
12253, כפר כמא
12254, כפר תבור
12255, כפר תבור
12256, כפר תבור
12257, כפר תבור
12258, כפר תבור
12259, כפר תבור
12260, כפר תבור
12262, כפר תבור
12265, כפר תבור
12266, עמק יזרעאל
12267, עמק יזרעאל
12268, עמק יזרעאל
12269, עמק יזרעאל
12270, עמק יזרעאל
12271, עמק יזרעאל
12272, נין
12273, עמק יזרעאל
12274, נין
12275, עפולה
12277, עמק יזרעאל
12278, עפולה
12279, עפולה
12280, מגידו
12281, מגידו
12282, מגידו
12283, מגידו
12284, אום אל פחם
12285, אום אל פחם
12286, אום אל פחם
12287, מעלה עירון
12288, מעלה עירון
12289, אום אל פחם
12290, אום אל פחם
12291, אום אל פחם
12292, אום אל פחם
12293, אום אל פחם
12294, אום אל פחם
12295, אום אל פחם
12296, אום אל פחם
12297, ערערה
12298, ערערה
12299, ערערה
12300, ערערה
12301, ערערה
12302, ערערה
12303, ערערה
12304, כפר קרע
12305, כפר קרע
12306, מנשה
12309, מנשה
12310, מנשה
12312, מנשה
12313, מנשה
12314, פרדס חנה כרכור
12316, פרדס חנה כרכור
12321, פרדס חנה כרכור
12325, חדרה
12326, מנשה
12327, מנשה
12331, חדרה
12332, חדרה
12333, חדרה
12334, מנשה
12335, מנשה
12336, מנשה
12337, מנשה
12338, גן השומרון
12339, גן השומרון
12340, גן השומרון
12343, גן השומרון
12344, מנשה
12345, ריינה
12346, חריש
12347, חריש
12348, מנשה
12349, מנשה
12350, שומרון
12352, חריש
12354, עפולה
12355, נצרת
12356, עמק יזרעאל
12357, עמק יזרעאל
12358, עמק יזרעאל
12359, עמק יזרעאל
12361, עמק יזרעאל
12362, כפר גדעון
12363, כפר גדעון
12364, עמק יזרעאל
12365, כפר גדעון
12366, עמק יזרעאל
12367, עמק יזרעאל
12368, עמק יזרעאל
12369, הגלבוע
12370, הגלבוע
12371, הגלבוע
12374, הגלבוע
12375, הגלבוע
12376, הגלבוע
12380, שומרון
12381, שומרון
12382, שומרון
12383, שומרון
12387, גוש עציון
12388, גוש עציון
12389, גוש עציון
12390, גוש עציון
12391, גוש עציון
12392, גוש עציון
12393, גוש עציון
12394, גוש עציון
12398, בני שמעון
12399, בני שמעון
12400, מיתר
12401, מיתר
12404, בני שמעון
12405, בני שמעון
12406, מיתר
12407, בני שמעון
12412, בני שמעון
12413, בני שמעון
12419, עומר
12420, עומר
12421, עומר
12422, עומר
12424, שומרון
12427, שומרון
12428, מצר
12430, מנשה
12431, מנשה
12432, מנשה
12433, עמק חפר
12434, מנשה
12436, מנשה
12437, מנשה
12438, מנשה
12439, מנשה
12440, מנשה
12441, מנשה
12444, עמק חפר
12445, עמק חפר
12446, עמק חפר
12447, עמק חפר
12448, עמק חפר
12449, עמק חפר
12450, כפר הרא''ה
12451, כפר הרא''ה
12452, עמק חפר
12455, ערבות הירדן
12459, ערבות הירדן
12460, ערבות הירדן
12461, ערבות הירדן
12469, מנשה
12470, מנשה
12472, מנשה
12473, מנשה
12474, מנשה
12475, מנשה
12476, מנשה
12477, מנשה
12479, מנשה
12480, מנשה
12481, מנשה
12482, מנשה
12483, מנשה
12485, מנשה
12486, מנשה
12487, מנשה
12488, מנשה
12490, מנשה
12492, מנשה
12493, מנשה
12494, זמר
12496, זמר
12497, זמר
12498, זמר
12499, זמר
12500, זמר
12501, זמר
12502, עמק חפר
12503, עמק חפר
12504, עמק חפר
12509, עמק חפר
12510, בת חפר
12511, בת חפר
12512, עמק חפר
12513, עמק חפר
12514, עמק חפר
12515, עמק חפר
12516, עמק חפר
12517, ביתן אהרן
12518, ביתן אהרן
12519, בת חן
12520, בת חן
12521, בת חן
12522, בת חן
12523, עמק חפר
12525, בת חן
12526, לב השרון
12527, עמק חפר
12528, עמק חפר
12529, עמק חפר
12530, עמק חפר
12531, עמק חפר
12537, לב השרון
12538, לב השרון
12539, לב השרון
12540, לב השרון
12542, לב השרון
12543, עמק חפר
12544, לב השרון
12545, עמק חפר
12546, כפר יונה
12550, עמק חפר
12551, לב השרון
12552, עמק חפר
12555, קדימה צורן
12556, טייבה
12557, טייבה
12558, לב השרון
12560, לב השרון
12561, טייבה
12564, קלנסווה
12565, קלנסווה
12566, קלנסווה
12567, קלנסווה
12568, קלנסווה
12572, פרדסיה
12573, שומרון
12574, שומרון
12577, שומרון
12578, שומרון
12580, שומרון
12581, שומרון
12584, דרום השרון
12585, רמת הכובש
12586, דרום השרון
12589, דרום השרון
12590, שומרון
12591, שומרון
12592, צור יצחק
12593, צור יצחק
12594, צור יצחק
12595, דרום השרון
12598, עין ורד
12599, עין ורד
12601, תל מונד
12602, תל מונד
12603, לב השרון
12604, לב השרון
12605, לב השרון
12606, לב השרון
12607, אבן יהודה
12608, אבן יהודה
12609, אבן יהודה
12612, חוף השרון
12613, בית יהושע
12614, חוף השרון
12618, שומרון
12619, שומרון
12620, שומרון
12621, שומרון
12623, דרום השרון
12627, מכורה
12628, ערבות הירדן
12629, ערבות הירדן
12631, ערבות הירדן
12633, שומרון
12634, שומרון
12635, שומרון
12636, שומרון
12638, ערבות הירדן
12639, ערבות הירדן
12640, ערבות הירדן
12641, מעלה אפרים
12642, מעלה אפרים
12643, מעלה אפרים
12644, מעלה אפרים
12646, ערבות הירדן
12647, ערבות הירדן
12652, שומרון
12653, שומרון
12654, שומרון
12655, שומרון
12656, אלקנה
12657, שומרון
12658, שומרון
12659, שומרון
12660, אלקנה
12661, אלקנה
12669, שומרון
12673, שומרון
12675, מטה בנימין
12676, מטה בנימין
12683, מטה בנימין
12684, מטה בנימין
12685, חבל מודיעין
12686, חבל מודיעין
12687, חבל מודיעין
12688, חבל מודיעין
12690, מטה בנימין
12691, מטה בנימין
12692, מטה בנימין
12693, חבל מודיעין
12695, יהוד מונוסון
12696, יהוד מונוסון
12697, יהוד מונוסון
12701, מטה בנימין
12702, מטה בנימין
12703, חבל מודיעין
12707, שוהם
12709, נחליאל
12710, טלמון
12711, טלמון
12712, טלמון
12717, מטה בנימין
12720, מטה בנימין
12721, מטה בנימין
12724, מטה בנימין
12725, לפיד
12726, חבל מודיעין
12727, חבל מודיעין
12728, חבל מודיעין
12730, חבל מודיעין
12732, טייבה
12733, טייבה
12735, טייבה
12736, טייבה
12737, טייבה
12738, טייבה
12739, טייבה
12740, טייבה
12741, טייבה
12743, טייבה
12744, טייבה
12749, טייבה
12750, דרום השרון
12751, דרום השרון
12752, דרום השרון
12753, דרום השרון
12754, דרום השרון
12756, דרום השרון
12757, דרום השרון
12759, דרום השרון
12762, ג'לג'וליה
12767, דרום השרון
12768, חבל מודיעין
12769, חבל מודיעין
12771, חבל מודיעין
12772, חבל מודיעין
12773, חבל מודיעין
12774, חבל מודיעין
12775, חבל מודיעין
12776, חבל מודיעין
12777, גבעת זאב
12778, מטה בנימין
12780, מטה בנימין
12781, חבל מודיעין
12782, חבל מודיעין
12783, מטה בנימין
12784, מטה בנימין
12785, מודיעין מכבים רעות
12786, חבל מודיעין
12788, חבל מודיעין
12789, חבל מודיעין
12790, חבל מודיעין
12791, חבל מודיעין
12792, חבל מודיעין
12793, חבל מודיעין
12794, חבל מודיעין
12795, חבל מודיעין
12796, חבל מודיעין
12797, חבל מודיעין
12799, חבל מודיעין
12800, חבל מודיעין
12801, חבל מודיעין
12802, חבל מודיעין
12803, חבל מודיעין
12804, חבל מודיעין
12805, חבל מודיעין
12806, חבל מודיעין
12807, חבל מודיעין
12808, חבל מודיעין
12809, חבל מודיעין
12810, חבל מודיעין
12811, חבל מודיעין
12812, חבל מודיעין
12813, חבל מודיעין
12814, חבל מודיעין
12816, חבל מודיעין
12817, חבל מודיעין
12818, עמק לוד
12819, כפר חב''ד
12820, כפר חב''ד
12821, כפר חב''ד
12822, עמק לוד
12823, עמק לוד
12824, ראשון לציון
12825, ראשון לציון
12826, מטה יהודה
12827, רמלה
12828, גזר
12829, גזר
12830, גזר
12831, גזר
12832, גזר
12833, גזר
12834, גזר
12835, גזר
12836, גזר
12837, גזר
12838, גזר
12840, מטה יהודה
12841, מטה יהודה
12842, מטה יהודה
12843, מטה יהודה
12844, הראל
12845, מטה יהודה
12846, מטה יהודה
12847, מטה יהודה
12848, גזר
12849, גזר
12852, מטה יהודה
12853, גזר
12854, תעשיון צריפין
12855, ראשון לציון
12856, באר יעקב
12857, ניר צבי
12858, עמק לוד
12862, חבל מודיעין
12864, מודיעין מכבים רעות
12865, גן רווה
12866, בית עובד
12867, אבו גוש
12868, מטה יהודה
12869, מטה יהודה
12870, מטה יהודה
12871, מטה יהודה
12872, גזר
12873, גזר
12874, גזר
12875, גזר
12876, גזר
12877, גזר
12878, גזר
12879, גזר
12880, גזר
12881, גזר
12883, גזר
12884, גזר
12886, גזר
12887, גזר
12888, גזר
12889, מטה יהודה
12890, מטה יהודה
12891, גני יוחנן
12895, רחובות
12896, גן רווה
12897, יבנה
12898, חבל יבנה
12899, חבל יבנה
12900, חבל יבנה
12901, חבל יבנה
12902, חבל יבנה
12903, חבל יבנה
12906, חבל יבנה
12907, חבל יבנה
12909, חבל יבנה
12910, חבל יבנה
12911, חבל יבנה
12912, חבל יבנה
12913, יהוד מונוסון
12916, ראשון לציון
12917, ראשון לציון
12918, מטה יהודה
12919, מטה יהודה
12920, מטה יהודה
12921, גזר
12922, גזר
12923, גזר
12924, גזר
12925, גזר
12926, גזר
12927, גזר
12928, ברנר
12929, ברנר
12930, ברנר
12931, מזכרת בתיה
12932, מזכרת בתיה
12933, ברנר
12934, ברנר
12935, ברנר
12942, גדרות
12943, גן רווה
12944, גן רווה
12945, גן רווה
12946, גן רווה
12947, גן רווה
12948, באר שבע
12949, דרום השרון
12951, חבל מודיעין
12952, חבל מודיעין
12955, נמל תעופה בן גוריון
12956, נמל תעופה בן גוריון
12957, חבל מודיעין
12958, נמל תעופה בן גוריון
12959, לוד
12960, חבל מודיעין
12961, רמלה
12962, גזר
12964, קרית עקרון
12965, גבעת ברנר
12967, ברנר
12968, ברנר
12969, ברנר
12970, ברנר
12971, גדרה
12972, קדרון
12973, באר טוביה
12974, בני עי''ש
12975, גדרה
12976, גדרה
12977, גדרה
12978, גדרה
12979, בני עי''ש
12980, יואב
12981, נחל שורק
12982, נחל שורק
12983, נחל שורק
12984, נחל שורק
12985, נחל שורק
12986, באר טוביה
12987, לכיש
12988, לכיש
12989, באר טוביה
12990, באר טוביה
12991, באר טוביה
12992, באר טוביה
12993, יואב
12994, יואב
12995, יואב
12996, יואב
12997, לכיש
12998, לכיש
12999, לכיש
13000, לכיש
13001, קרית גת
13002, קרית גת
13003, שפיר
13004, שפיר
13005, שפיר
13006, שפיר
13007, שפיר
13008, שפיר
13009, בני שמעון
13010, בני שמעון
13011, באר שבע
13012, נאות חובב
13013, נאות חובב
13014, נאות חובב
13015, נאות חובב
13016, נאות חובב
13017, נאות חובב
13018, רמת הנגב
13019, רמת הנגב
13020, רמת הנגב
13021, רמת הנגב
13022, רמת הנגב
13023, רמת הנגב
13024, רמת הנגב
13025, רמת הנגב
13026, רמת הנגב
13027, רמת הנגב
13028, רמת הנגב
13029, רמת הנגב
13030, רמת הנגב
13031, רמת הנגב
13032, רמת הנגב
13033, רמת הנגב
13034, רמת הנגב
13035, רמת הנגב
13038, רמת הנגב
13039, רמת הנגב
13040, רמת הנגב
13041, רמת הנגב
13042, רמת הנגב
13043, רמת הנגב
13044, רמת הנגב
13045, רמת הנגב
13046, רמת הנגב
13047, רמת הנגב
13048, רמת הנגב
13049, רמת הנגב
13050, רמת הנגב
13051, רמת הנגב
13052, רמת הנגב
13053, רמת הנגב
13054, רמת הנגב
13055, רמת הנגב
13056, רמת הנגב
13057, רמת הנגב
13058, רמת הנגב
13059, רמת הנגב
13060, רמת הנגב
13061, רמת הנגב
13062, רמת הנגב
13063, מצפה רמון
13064, מצפה רמון
13065, מצפה רמון
13066, מצפה רמון
13067, מצפה רמון
13068, מצפה רמון
13069, חבל אילות
13070, חבל אילות
13071, חבל אילות
13072, חבל אילות
13073, הערבה התיכונה
13074, הערבה התיכונה
13075, הערבה התיכונה
13076, חבל אילות
13077, חבל אילות
13078, חבל אילות
13080, חבל אילות
13081, חבל אילות
13082, חבל אילות
13083, חבל אילות
13084, חוף הכרמל
13085, חוף הכרמל
13087, כפר ראש הנקרה
13089, מטה אשר
13090, מטה אשר
13091, מטה אשר
13092, מטה אשר
13094, כפר ראש הנקרה
13097, מטה אשר
13098, מטה אשר
13099, מטה אשר
13101, מטה אשר
13102, מטה אשר
13104, מטה אשר
13107, מטה אשר
13111, מטה אשר
13112, מטה אשר
13114, מטה אשר
13115, מטה אשר
13116, מטה אשר
13117, מטה אשר
13119, נהריה
13122, שבי ציון
13123, חוף הכרמל
13125, חוף הכרמל
13126, חוף הכרמל
13127, חוף הכרמל
13128, חוף הכרמל
13129, חוף הכרמל
13130, חוף הכרמל
13131, חוף הכרמל
13132, חוף הכרמל
13133, חוף הכרמל
13134, טירת כרמל
13135, טירת כרמל
13136, טירת כרמל
13137, טירת כרמל
13138, חוף הכרמל
13139, חוף הכרמל
13140, חוף הכרמל
13141, חוף הכרמל
13142, חוף הכרמל
13143, חוף הכרמל
13144, חוף הכרמל
13145, חוף הכרמל
13146, חוף הכרמל
13147, חוף הכרמל
13148, חוף הכרמל
13149, חוף הכרמל
13150, חוף הכרמל
13151, חוף הכרמל
13152, חוף הכרמל
13153, חוף הכרמל
13154, חוף הכרמל
13155, חוף הכרמל
13156, פוריידיס
13157, זכרון יעקב
13158, זכרון יעקב
13160, זכרון יעקב
13161, חוף הכרמל
13162, חוף הכרמל
13163, חוף הכרמל
13164, חוף הכרמל
13165, חוף הכרמל
13166, בנימינה גבעת עדה
13167, חוף הכרמל
13168, בנימינה גבעת עדה
13169, בנימינה גבעת עדה
13171, חדרה
13172, חדרה
13176, חדרה
13179, חדרה
13180, חדרה
13181, חדרה
13182, חדרה
13183, עמק חפר
13184, עמק חפר
13185, עמק חפר
13186, עמק חפר
13187, אלישיב
13188, עמק חפר
13189, עמק חפר
13190, עמק חפר
13191, עמק חפר
13192, עמק חפר
13193, עמק חפר
13196, עמק חפר
13197, עמק חפר
13199, עמק חפר
13200, כפר יונה
13201, פרדסיה
13202, לב השרון
13203, קדימה צורן
13206, קדימה צורן
13210, אבן יהודה
13212, דרום השרון
13213, בצרה
13214, בצרה
13215, בצרה
13218, רעננה
13221, גן יבנה
13222, גן יבנה
13223, באר טוביה
13225, באר טוביה
13226, באר טוביה
13227, באר טוביה
13228, באר טוביה
13229, באר טוביה
13230, באר טוביה
13231, באר טוביה
13232, חוף אשקלון
13234, חוף אשקלון
13237, אשקלון
13238, אשקלון
13239, חוף אשקלון
13240, אשקלון
13241, אשקלון
13242, אשקלון
13243, אשקלון
13244, אשקלון
13245, אשקלון
13246, אשקלון
13247, אשקלון
13248, אשקלון
13249, חוף אשקלון
13250, חוף אשקלון
13251, חוף אשקלון
13252, חוף אשקלון
13253, חוף אשקלון
13254, חוף אשקלון
13255, חוף אשקלון
13259, שואבה
13260, מטה יהודה
13261, מטה יהודה
13262, מטה יהודה
13263, מטה יהודה
13264, מטה יהודה
13265, מטה יהודה
13266, מטה יהודה
13267, רמת רזיאל
13268, רמת רזיאל
13270, נחל שורק
13271, גדרה
13272, באר טוביה
13274, כנות
13275, בני עי''ש
13276, ביצרון
13277, ביצרון
13278, ביצרון
13279, מטה יהודה
13280, ירושלים
13281, ירושלים
13282, בר גיורא
13283, מטה יהודה
13285, מטה יהודה
13286, מטה יהודה
13287, בית שמש
13288, בית שמש
13289, מטה יהודה
13291, מטה יהודה
13292, מטה יהודה
13293, יואב
13294, יואב
13295, מטה יהודה
13296, מטה יהודה
13297, מטה יהודה
13298, נחל שורק
13300, מסילת ציון
13301, מסילת ציון
13302, מטה יהודה
13303, אשתאול
13304, מטה יהודה
13305, מטה יהודה
13308, בית שמש
13309, בית שמש
13310, בית שמש
13311, בית שמש
13312, בית שמש
13313, זכריה
13314, זכריה
13315, מטה יהודה
13316, מטה יהודה
13317, מטה יהודה
13318, מטה יהודה
13319, מטה יהודה
13320, מטה יהודה
13321, מטה יהודה
13322, מטה יהודה
13323, מטה יהודה
13324, מטה יהודה
13325, מטה יהודה
13326, מטה יהודה
13327, מטה יהודה
13328, מטע
13329, מטע
13330, מטה יהודה
13331, מטה יהודה
13332, בית שמש
13333, מטה יהודה
13334, מטה יהודה
13335, מטה יהודה
13336, מטה יהודה
13337, מטה יהודה
13338, מטה יהודה
13339, באר טוביה
13340, באר טוביה
13341, שתולים
13342, גן יבנה
13343, מעלה עמוס
13344, אספר
13348, אספר
13349, גוש עציון
13350, אלון שבות
13354, מטה יהודה
13355, נווה מיכאל
13356, מטה יהודה
13357, מטה יהודה
13360, זרחיה
13361, לכיש
13362, לכיש
13363, לכיש
13364, לכיש
13365, לכיש
13366, לכיש
13367, לכיש
13368, בני שמעון
13369, בני שמעון
13370, בני שמעון
13371, בני שמעון
13376, לכיש
13377, גבעת ישעיהו
13378, שפיר
13379, שפיר
13380, שריגים
13381, שריגים
13382, מטה יהודה
13383, עגור
13384, עגור
13385, מטה יהודה
13386, מטה יהודה
13387, יואב
13388, יואב
13389, יואב
13391, לכיש
13392, לכיש
13393, לכיש
13394, לכיש
13395, לכיש
13396, לכיש
13397, לכיש
13398, לכיש
13399, לכיש
13400, לכיש
13401, לכיש
13402, לכיש
13403, לכיש
13404, לכיש
13405, חוף אשקלון
13406, חוף אשקלון
13407, חוף אשקלון
13408, חוף אשקלון
13409, שער הנגב
13415, לכיש
13416, יואב
13417, יואב
13420, קרית גת
13421, שפיר
13422, שפיר
13423, שפיר
13426, שפיר
13427, שפיר
13428, לכיש
13429, לכיש
13430, לכיש
13431, לכיש
13432, יואב
13433, יואב
13434, יואב
13435, חוף אשקלון
13436, חוף אשקלון
13437, חוף אשקלון
13438, חוף אשקלון
13439, חוף אשקלון
13440, אשקלון
13441, יואב
13442, לכיש
13443, יואב
13444, לכיש
13445, לכיש
13446, חוף אשקלון
13447, חוף אשקלון
13448, נועם
13449, שער הנגב
13450, שער הנגב
13451, חוף אשקלון
13452, שער הנגב
13453, שער הנגב
13454, שער הנגב
13456, שער הנגב
13457, שער הנגב
13458, שער הנגב
13459, שדות נגב
13460, שדות נגב
13461, שדות נגב
13462, שער הנגב
13463, שער הנגב
13464, שער הנגב
13465, שער הנגב
13466, שער הנגב
13468, בני שמעון
13469, בני שמעון
13470, בני שמעון
13471, בני שמעון
13472, סוסיה
13473, סוסיה
13474, הר חברון
13475, הר חברון
13476, הר חברון
13477, הר חברון
13478, הר חברון
13479, הר חברון
13482, אפרת
13483, גוש עציון
13484, רהט
13485, בני שמעון
13486, בני שמעון
13487, בני שמעון
13488, בני שמעון
13489, בני שמעון
13490, בני שמעון
13491, בני שמעון
13492, תמר
13493, ערד
13494, ערד
13495, ערד
13496, ערד
13497, ערד
13498, ערד
13499, ערד
13500, תמר
13501, ערד
13502, ערד
13503, כסיפה
13504, כסיפה
13505, כסיפה
13506, כסיפה
13507, כסיפה
13508, כסיפה
13509, כסיפה
13510, כסיפה
13511, כסיפה
13512, כסיפה
13514, לקיה
13515, לקיה
13516, כסיפה
13517, כסיפה
13518, חורה
13519, חורה
13520, חורה
13521, חורה
13522, חורה
13525, חורה
13526, בני שמעון
13527, בני שמעון
13528, בני שמעון
13529, בני שמעון
13532, חורה
13533, חורה
13534, בני שמעון
13535, בני שמעון
13536, בני שמעון
13539, יואב
13540, באר טוביה
13541, באר טוביה
13542, באר טוביה
13543, באר טוביה
13544, באר טוביה
13545, חוף אשקלון
13547, מטה בנימין
13548, מטה בנימין
13549, מטה בנימין
13550, מטה יהודה
13551, מטה יהודה
13552, גזר
13554, גזר
13556, גזר
13557, נחל שורק
13560, נחל שורק
13561, נחל שורק
13562, נחל שורק
13563, נחל שורק
13565, נחל שורק
13566, נחל שורק
13567, יואב
13568, נחל שורק
13569, יואב
13570, נחל שורק
13571, נחל שורק
13572, יואב
13574, נחל שורק
13575, נחל שורק
13576, יואב
13577, קרית מלאכי
13578, מפעלי צומת מלאכי
13579, קרית מלאכי
13581, קרית מלאכי
13582, באר טוביה
13583, באר טוביה
13584, שפיר
13585, שפיר
13586, שפיר
13587, שפיר
13588, שפיר
13589, שפיר
13590, שפיר
13591, שפיר
13592, שפיר
13594, שפיר
13595, שפיר
13598, חוף אשקלון
13599, חוף אשקלון
13600, מרחבים
13601, מרחבים
13602, מרחבים
13603, בני שמעון
13604, בני שמעון
13605, בני שמעון
13606, בני שמעון
13607, בני שמעון
13608, בני שמעון
13609, מרחבים
13610, מרחבים
13611, מרחבים
13612, מרחבים
13613, מרחבים
13614, מרחבים
13615, מרחבים
13616, מבועים
13617, מרחבים
13618, מרחבים
13619, מרחבים
13620, מרחבים
13621, מרחבים
13622, מרחבים
13623, בני שמעון
13625, בני שמעון
13626, בני שמעון
13627, בני שמעון
13628, בני שמעון
13629, רהט
13630, בני שמעון
13632, בני שמעון
13633, בני שמעון
13637, בני שמעון
13638, בני שמעון
13641, בני שמעון
13642, ברוש
13643, שדות נגב
13644, שדות נגב
13645, שדות נגב
13646, שער הנגב
13647, תמר
13648, תמר
13649, תמר
13650, תמר
13651, תמר
13652, תמר
13653, תמר
13654, באר שבע
13655, באר שבע
13656, בני שמעון
13657, בני שמעון
13658, בני שמעון
13659, בני שמעון
13660, ערערה בנגב
13661, ערערה בנגב
13663, ערערה בנגב
13664, דימונה
13665, דימונה
13666, דימונה
13667, דימונה
13668, דימונה
13669, תמר
13670, תמר
13671, דימונה
13672, דימונה
13673, דימונה
13674, דימונה
13675, דימונה
13676, ערערה בנגב
13677, ערערה בנגב
13678, ערערה בנגב
13679, ערערה בנגב
13680, ערערה בנגב
13681, ערערה בנגב
13682, ערערה בנגב
13683, ערערה בנגב
13684, ערערה בנגב
13685, דימונה
13686, דימונה
13687, באר שבע
13688, באר שבע
13690, מרחבים
13691, מרחבים
13694, בני שמעון
13696, בני שמעון
13697, בני שמעון
13698, שדות נגב
13699, שדות נגב
13701, שדות נגב
13702, מרחבים
13704, שדות נגב
13705, בני שמעון
13706, בני שמעון
13707, בני שמעון
13708, בני שמעון
13709, בני שמעון
13710, בני שמעון
13711, בני שמעון
13713, בני שמעון
13714, בני שמעון
13715, בני שמעון
13716, בני שמעון
13717, בני שמעון
13718, בני שמעון
13719, בני שמעון
13720, בני שמעון
13721, מרחבים
13725, בני שמעון
13726, בני שמעון
13727, בני שמעון
13729, שדות נגב
13730, שדות נגב
13731, שדות נגב
13732, שדות נגב
13733, שדות נגב
13734, שדות נגב
13735, שדות נגב
13736, שדות נגב
13737, שדות נגב
13738, שדות נגב
13740, שדות נגב
13741, שדות נגב
13742, שדות נגב
13743, שדות נגב
13744, תמר
13745, אשכול
13746, אשכול
13747, אשכול
13748, מרחבים
13749, מרחבים
13751, מרחבים
13753, מרחבים
13754, מרחבים
13756, מרחבים
13757, מרחבים
13758, מרחבים
13760, מרחבים
13761, מרחבים
13762, מרחבים
13763, מרחבים
13764, מרחבים
13765, מרחבים
13766, מרחבים
13767, מרחבים
13768, מרחבים
13769, מרחבים
13770, מרחבים
13771, מרחבים
13772, מרחבים
13773, מרחבים
13774, אשכול
13775, אשכול
13776, מרחבים
13777, מרחבים
13778, אשכול
13779, בני שמעון
13780, בני שמעון
13781, בני שמעון
13782, בני שמעון
13783, אשכול
13784, אשכול
13785, אשכול
13786, אשכול
13787, מרחבים
13788, אשכול
13789, אשכול
13791, חוף אשקלון
13792, חוף אשקלון
13793, באר טוביה
13795, שפיר
13796, יואב
13797, שפיר
13798, יואב
13799, חוף אשקלון
13800, חוף אשקלון
13801, חוף אשקלון
13802, חוף אשקלון
13804, חוף אשקלון
13805, חוף אשקלון
13806, חוף אשקלון
13809, חוף אשקלון
13810, חוף אשקלון
13811, שער הנגב
13812, שער הנגב
13814, שער הנגב
13815, שער הנגב
13816, שער הנגב
13817, שער הנגב
13818, שער הנגב
13819, שדרות
13823, שער הנגב
13824, שער הנגב
13825, שער הנגב
13826, שדות נגב
13827, שדות נגב
13828, שדות נגב
13830, שדות נגב
13831, שער הנגב
13832, שדות נגב
13833, שדות נגב
13834, שדות נגב
13835, אשכול
13836, אשכול
13837, אשכול
13838, אשכול
13839, אשכול
13840, אשכול
13841, אשכול
13842, אשכול
13843, אשכול
13844, אשכול
13845, אשכול
13846, אשכול
13847, עין הבשור
13848, עין הבשור
13849, אשכול
13851, אשכול
13852, אשכול
13853, אשכול
13854, אשכול
13855, אשכול
13856, אשכול
13857, אשכול
13858, אשכול
13859, אשכול
13860, אשכול
13861, אשכול
13862, אשכול
13865, רמת הנגב
13866, רמת הנגב
13867, ירוחם
13868, רמת הנגב
13869, רמת הנגב
13870, רמת הנגב
13871, רמת הנגב
13872, רמת הנגב
13873, רמת הנגב
13874, רמת הנגב
13875, רמת הנגב
13876, רמת הנגב
13877, רמת הנגב
13878, רמת הנגב
13879, רמת הנגב
13880, רמת הנגב
13881, רמת הנגב
13882, אשכול
13883, אשכול
13884, אשכול
13885, אשכול
13888, אשכול
13889, אשכול
13890, אשכול
13891, אשכול
13892, רמת הנגב
13893, רמת הנגב
13894, רמת הנגב
13895, רמת הנגב
13896, רמת הנגב
13897, רמת הנגב
13898, רמת הנגב
13899, רמת הנגב
13900, רמת הנגב
13901, רמת הנגב
13902, רמת הנגב
13903, רמת הנגב
13904, רמת הנגב
13905, רמת הנגב
13906, רמת הנגב
13907, רמת הנגב
13908, רמת הנגב
13909, רמת הנגב
13910, רמת הנגב
13913, דימונה
13916, רמת הנגב
13917, רמת הנגב
13922, ירוחם
13925, ירוחם
13926, ירוחם
13928, ירוחם
13929, ירוחם
13930, רמת הנגב
13931, רמת הנגב
13932, רמת הנגב
13933, רמת הנגב
13934, רמת הנגב
13935, רמת הנגב
13936, רמת הנגב
13937, חדרה
13938, חדרה
13940, עמק חפר
13942, נתניה
13943, עמק חפר
13944, נתניה
13947, נתניה
13948, נתניה
13949, חוף השרון
13950, כפר שמריהו
13952, רמת השרון
13953, רמת השרון
13954, מצפה רמון
13955, מצפה רמון
13957, חבל אילות
13958, חבל אילות
13959, חבל אילות
13961, חבל אילות
13962, חבל אילות
13963, חבל אילות
13965, חבל אילות
13966, חבל אילות
13968, חבל אילות
13969, חבל אילות
13970, חבל אילות
13971, חבל אילות
13972, חבל אילות
13973, חבל אילות
13974, חבל אילות
13975, חבל אילות
13976, חבל אילות
13977, חבל אילות
13978, חבל אילות
13979, חבל אילות
13981, בית הלוי
13982, בית הלוי
13983, רמת הנגב
13984, מגילות ים המלח
13985, מגילות ים המלח
13986, מגילות ים המלח
13987, מגילות ים המלח
13988, מגילות ים המלח
13989, מגילות ים המלח
13990, מגילות ים המלח
13991, מעלה אדומים
13992, מג'דל שמס
13993, גולן
13995, מבואות החרמון
13997, זרעית
13998, שומרה
14000, גולן
14001, מבואות החרמון
14002, מגאר
14003, מגאר
14004, מנחמיה
14009, כיסרא סומיע
14010, מעלה יוסף
14011, דייר חנא
14012, עראבה
14013, עראבה
14014, בועיינה נוג'יידאת
14020, ריינה
14021, עמק יזרעאל
14022, עמק יזרעאל
14023, עתלית
14025, ניר עציון
14026, חוף הכרמל
14028, שומרון
14030, מטה בנימין
14031, טלמון
14032, מנשה
14033, בחן
14035, קיסריה
14036, עמק חפר
14038, בית הלוי
14039, בית הלוי
14040, עמק חפר
14042, עמק חפר
14043, חוף השרון
14044, הוד השרון
14045, אודים
14046, חוף השרון
14047, חוף השרון
14048, רמת השרון
14049, הרצליה
14050, גזר
14051, מטה יהודה
14053, גדרה
14054, באר טוביה
14055, גן יבנה
14056, יואב
14057, רווחה
14058, רווחה
14059, יואב
14061, תמר
14062, מצדה
14063, בני שמעון
14065, מרחבים
14066, יבנה
14067, יבנה
